film,folder,teeth_gt,tp,fp,fn,right_number,image_w,image_h
1,folder 2,30,30,0,0,30,2752,1332
100,folder 2,30,30,0,0,30,2728,1334
102,folder 2,31,29,1,2,26,2740,1334
103,folder 2,18,17,1,1,17,2724,1334
104,folder 2,9,9,1,0,8,2740,1334
105,folder 2,28,27,0,1,27,2748,1334
106,folder 2,25,21,1,4,20,2728,1334
107,folder 2,30,29,0,1,29,2732,1334
111,folder 2,32,32,0,0,32,2752,1334
112,folder 2,18,18,3,0,13,2736,1332
113,folder 2,32,32,0,0,32,2644,1332
115,folder 2,27,24,2,3,23,2752,1332
116,folder 2,28,28,0,0,28,2752,1332
117,folder 2,32,32,0,0,32,2728,1334
119,folder 2,21,17,3,4,17,2732,1332
12,folder 2,28,25,4,3,24,2736,1334
120,folder 2,28,28,1,0,27,2728,1334
121,folder 2,30,30,0,0,30,2736,1332
128,folder 2,21,21,2,0,19,2468,1332
129,folder 2,30,30,0,0,30,2752,1332
13,folder 2,28,27,1,1,26,2744,1332
132,folder 2,30,30,0,0,30,2744,1332
135,folder 2,29,27,0,2,27,2728,1334
136,folder 2,26,26,0,0,26,2740,1332
137,folder 2,21,21,1,0,19,2736,1332
139,folder 2,25,24,1,1,23,2744,1334
14,folder 2,30,30,0,0,30,2748,1334
141,folder 2,29,28,0,1,28,2760,1334
142,folder 2,27,27,2,0,27,2740,1334
17,folder 2,30,30,0,0,30,2728,1334
18,folder 2,29,29,0,0,29,2728,1334
180,folder 2,23,23,0,0,21,2728,1332
189,folder 2,17,15,2,2,15,2752,1334
19,folder 2,32,32,0,0,32,2752,1332
195,folder 2,25,22,1,3,20,2728,1334
198,folder 2,15,11,2,4,10,2728,1334
2,folder 2,26,25,1,1,25,2748,1332
21,folder 2,29,28,0,1,28,2728,1334
23,folder 2,32,31,0,1,31,2740,1332
25,folder 2,29,28,0,1,28,2756,1334
26,folder 2,31,31,0,0,31,2752,1334
27,folder 2,14,14,1,0,14,2744,1334
3,folder 2,31,29,1,2,28,2736,1334
30,folder 2,23,23,1,0,23,2736,1332
32,folder 2,32,31,0,1,31,2736,1334
33,folder 2,32,32,0,0,32,2736,1334
34,folder 2,30,30,0,0,30,2744,1334
35,folder 2,14,14,4,0,12,2736,1334
36,folder 2,29,29,0,0,29,2732,1334
37,folder 2,30,30,0,0,30,2752,1334
39,folder 2,31,29,1,2,29,2744,1332
4,folder 2,30,29,2,1,27,2728,1334
40,folder 2,30,30,0,0,30,2740,1334
41,folder 2,30,30,0,0,30,2736,1334
42,folder 2,31,31,0,0,31,2736,1334
44,folder 2,29,29,0,0,29,2744,1334
45,folder 2,32,32,0,0,32,2736,1334
46,folder 2,27,24,2,3,23,2748,1334
47,folder 2,24,24,1,0,24,2736,1332
48,folder 2,31,29,2,2,28,2740,1334
49,folder 2,21,20,2,1,20,2736,1332
5,folder 2,30,25,0,5,25,2728,1334
50,folder 2,31,31,0,0,31,2736,1334
51,folder 2,12,10,1,2,5,2752,1334
52,folder 2,28,24,1,4,22,2744,1334
53,folder 2,19,18,3,1,18,2752,1332
54,folder 2,32,31,1,1,31,2728,1334
55,folder 2,22,21,1,1,20,2732,1334
58,folder 2,24,24,0,0,23,2728,1334
59,folder 2,28,26,0,2,25,2732,1334
6,folder 2,20,19,0,1,19,2752,1334
60,folder 2,31,31,0,0,31,2736,1334
61,folder 2,28,28,1,0,27,2736,1334
62,folder 2,30,30,0,0,29,2756,1332
63,folder 2,31,30,0,1,30,2744,1334
64,folder 2,15,11,3,4,9,2736,1332
65,folder 2,22,19,0,3,18,2736,1334
66,folder 2,30,29,0,1,29,2740,1334
67,folder 2,19,19,2,0,17,2744,1332
68,folder 2,27,26,1,1,25,2752,1334
69,folder 2,32,31,1,1,30,2732,1334
72,folder 2,32,27,1,5,27,2732,1334
75,folder 2,32,32,0,0,32,2752,1334
78,folder 2,7,2,0,5,0,2732,1332
81,folder 2,29,27,1,2,25,2736,1334
83,folder 2,28,27,2,1,25,2732,1334
88,folder 2,24,23,2,1,23,2744,1334
89,folder 2,32,32,0,0,32,2756,1332
9,folder 2,31,31,0,0,31,2732,1332
91,folder 2,30,30,0,0,30,2744,1332
92,folder 2,32,32,0,0,32,2744,1332
93,folder 2,32,31,0,1,31,2752,1334
94,folder 2,25,22,2,3,20,2752,1334
95,folder 2,29,29,1,0,28,2736,1334
96,folder 2,32,32,0,0,32,2744,1334
97,folder 2,32,32,0,0,32,2740,1334
