film,split,brar_level,age,sex_code,ref_pct,pred_pct,missing_teeth,implants,residual_roots,functional_tooth_pairs,image_w,image_h
patient_image_000116_83ae40ec.jpg,val,1,26,1,0.0,6.967,0,0,0,14,2795,1316
patient_image_000775_656a6578.jpg,val,1,40,0,8.9,27.661,0,0,0,14,2795,1316
patient_image_000616_37f0bf15.jpg,val,1,29,0,0.0,0.193,0,0,0,14,2796,1316
patient_image_000759_e1218872.jpg,val,1,38,0,8.1,14.802,0,0,0,14,2795,1316
patient_image_000022_4eb9fa52.jpg,val,1,21,1,0.0,0.0,0,0,0,14,2796,1316
patient_image_000676_2be85690.jpg,val,1,33,0,0.0,3.62,0,0,0,14,2795,1316
patient_image_000682_2c28be4a.jpg,val,1,33,0,0.0,2.445,0,0,0,14,2785,1316
patient_image_000195_99b7c83c.jpg,val,1,31,1,0.0,23.978,0,0,0,14,2775,1480
patient_image_000570_3514f729.jpg,val,1,26,0,0.0,6.387,0,0,0,14,2795,1316
patient_image_000521_17a61742.jpg,val,1,22,0,0.0,4.828,0,0,0,14,2795,1316
patient_image_000555_565ba784.jpg,val,1,25,0,4.3,11.417,1,0,0,13,2786,1316
patient_image_000637_f11f3ab0.jpg,val,1,30,0,0.0,4.671,1,0,0,14,2795,1316
patient_image_000001_07f48740.jpg,val,1,18,1,0.0,0.518,0,0,0,14,2976,1536
patient_image_000585_bdca74e0.jpg,val,1,26,0,0.0,5.041,0,0,0,14,2795,1316
patient_image_000087_ed410d35.jpg,val,1,25,1,0.0,6.197,0,0,0,14,2787,1316
patient_image_000010_5ed86d8c.jpg,val,1,20,1,0.0,14.126,0,0,0,14,2976,1536
patient_image_000056_f606ecd4.jpg,val,1,23,1,0.0,7.555,0,0,0,14,2795,1316
patient_image_000898_413e81cb.jpg,val,1,53,0,12.4,31.143,1,1,0,14,2795,1316
patient_image_000658_f79dd5c7.jpg,val,1,31,0,0.0,19.98,0,0,0,14,2795,1316
patient_image_000612_dfaa6d06.jpg,val,1,28,0,0.0,12.955,0,0,0,14,2795,1316
patient_image_000803_09145696.jpg,val,1,42,0,10.2,6.958,0,0,0,14,2793,1316
patient_image_000508_f7a15f6f.jpg,val,1,18,0,0.0,0.0,0,0,0,14,2976,1536
patient_image_000546_cca0b6a6.jpg,val,1,24,0,0.0,10.187,2,0,0,14,2459,1316
patient_image_000608_32c07746.jpg,val,1,28,0,6.6,8.205,0,0,0,14,2795,1316
patient_image_000564_9f752e56.jpg,val,1,25,0,0.0,2.259,0,0,0,14,2787,1316
patient_image_000716_5aeb574b.jpg,val,1,36,0,0.0,9.116,0,0,0,14,2795,1316
patient_image_000686_fd5f5f8e.jpg,test,1,34,0,0.0,1.595,0,0,0,14,2795,1316
patient_image_000620_e9c656ad.jpg,test,1,29,0,0.0,0.0,0,0,0,14,2796,1316
patient_image_000554_de5f4e2a.jpg,test,1,25,0,0.0,0.0,0,0,0,14,2795,1316
patient_image_000064_5e3832ed.jpg,test,1,23,1,0.0,12.401,0,0,0,14,2976,1536
patient_image_000105_1b343ea2.jpg,test,1,26,1,0.0,25.259,0,0,0,14,2796,1316
patient_image_000542_0180d986.jpg,test,1,24,0,0.0,9.857,0,0,0,14,2796,1316
patient_image_000177_95a9a504.jpg,test,1,29,1,0.0,0.0,0,0,0,14,2787,1316
patient_image_000666_675dce47.jpg,test,1,32,0,0.0,3.103,1,1,0,14,2786,1316
patient_image_000523_b1f5b10f.jpg,test,1,22,0,0.0,5.612,0,0,0,14,2796,1316
patient_image_000095_72dd2f18.jpg,test,1,25,1,0.0,3.962,0,0,0,14,2786,1316
patient_image_000778_ddc2800e.jpg,test,1,40,0,0.0,18.77,0,0,0,14,2795,1316
patient_image_000533_91bc5b53.jpg,test,1,23,0,0.0,0.0,0,0,0,14,2786,1316
patient_image_000169_5b675efb.jpg,test,1,29,1,0.0,6.867,0,0,0,14,2976,1536
patient_image_000645_9c4dcbff.jpg,test,1,31,0,0.0,3.623,0,0,0,14,2796,1316
patient_image_000513_5c47cd25.jpg,test,1,19,0,0.0,1.852,0,0,0,14,2794,1316
patient_image_000723_95b5e27c.jpg,test,1,36,0,8.5,10.875,0,0,0,14,2795,1316
patient_image_000565_563d2976.jpg,test,1,25,0,0.0,5.812,0,0,0,14,2796,1316
patient_image_000628_c2a12bc1.jpg,test,1,29,0,0.0,25.293,0,0,0,14,2786,1316
patient_image_000538_48d00143.jpg,test,1,24,0,0.0,5.059,0,0,0,14,2786,1316
patient_image_000587_cea1c4ba.jpg,test,1,26,0,0.0,0.0,0,0,0,14,2793,1316
patient_image_000632_e4c45dbd.jpg,test,1,30,0,0.0,2.159,0,0,0,16,2795,1316
patient_image_000647_262f9013.jpg,test,1,31,0,0.0,0.25,0,0,0,14,2795,1316
patient_image_000526_401bc35c.jpg,test,1,22,0,0.0,0.0,0,0,0,14,2795,1316
patient_image_000042_d3a22881.jpg,test,1,22,1,0.0,7.446,0,0,0,14,2976,1536
patient_image_000600_c839e11e.jpg,test,1,27,0,0.0,18.281,0,0,0,14,2793,1316
patient_image_000578_8fab947f.jpg,test,1,26,0,0.0,8.208,0,0,0,14,2794,1316
patient_image_000796_c6a24843.jpg,val,2,42,0,29.3,28.75,1,1,0,14,2796,1316
patient_image_000469_e0144b78.jpg,val,2,69,1,34.354,37.855,1,0,0,13,2787,1316
patient_image_000847_0de63e7a.jpg,val,2,46,0,27.2,26.751,1,0,0,13,2795,1316
patient_image_000627_a087afec.jpg,val,2,29,0,25.554,9.605,0,0,0,14,2796,1316
patient_image_000228_5a0ce58e.jpg,val,2,33,1,30.416,17.313,0,0,0,14,2795,1316
patient_image_000085_23bbfd21.jpg,val,2,25,1,17.785,14.961,0,0,0,14,2787,1316
patient_image_000086_d4dee6ca.jpg,val,2,25,1,15.704,27.618,0,0,0,14,2976,1536
patient_image_000051_004f2f5d.jpg,val,2,23,1,14.04,9.502,0,0,0,14,2795,1316
patient_image_000285_5b563bf0.jpg,val,2,38,1,29.298,37.756,0,0,0,14,2775,1480
patient_image_000190_371b9288.jpg,val,2,30,1,20.034,25.339,1,0,0,13,2787,1316
patient_image_000155_0feacd58.jpg,val,2,28,1,19.547,16.524,0,0,0,14,2795,1316
patient_image_000332_9600a8d5.jpg,val,2,43,1,34.4,36.836,0,0,0,14,2457,1316
patient_image_000568_30da5428.jpg,val,2,26,0,18.108,1.096,0,0,0,14,2794,1316
patient_image_000909_a765f5e9.jpg,val,2,54,0,45.7,32.556,1,0,0,13,2796,1316
patient_image_000993_da7460f6.jpg,val,2,70,0,59.715,42.739,13,0,0,5,2786,1316
patient_image_000586_3d2038f8.jpg,val,2,26,0,25.599,0.0,0,0,0,14,2786,1316
patient_image_000172_fed06c65.jpg,val,2,29,1,25.524,18.992,0,0,0,14,2976,1536
patient_image_000268_1ebfd026.jpg,val,2,36,1,20.163,18.429,0,0,0,14,2795,1316
patient_image_000987_486374cb.jpg,val,2,70,0,39.8,41.749,3,0,2,11,2795,1316
patient_image_000736_b6b6cc9b.jpg,val,2,37,0,19.7,2.56,0,0,0,14,2795,1316
patient_image_000742_673fbbc2.jpg,val,2,37,0,31.716,38.664,0,0,0,14,2796,1316
patient_image_000398_61f8b447.jpg,val,2,54,1,23.627,24.51,0,0,0,14,2795,1316
patient_image_000282_227457dd.jpg,val,2,38,1,27.922,20.285,1,0,0,13,2787,1316
patient_image_000058_0d2690d1.jpg,val,2,23,1,21.62,17.172,0,0,0,14,2976,1536
patient_image_000901_858abd3d.jpg,val,2,53,0,43.5,42.67,2,0,0,12,2795,1316
patient_image_000544_b0afee2d.jpg,val,2,24,0,15.6,13.862,0,0,0,14,2786,1316
patient_image_000365_bb7d18c2.jpg,val,2,48,1,44.444,42.996,0,0,0,14,2796,1316
patient_image_000411_fffe8d95.jpg,val,2,56,1,53.354,42.657,15,0,0,1,2459,1316
patient_image_000139_a575ce99.jpg,val,2,27,1,24.665,11.052,0,0,0,14,2976,1536
patient_image_000213_93d7e0f0.jpg,val,2,32,1,30.042,23.841,0,0,0,14,2976,1536
patient_image_000636_8d28a642.jpg,val,2,30,0,13.7,34.355,0,0,0,14,2767,1316
patient_image_000286_083cb465.jpg,val,2,38,1,16.134,13.942,0,0,0,14,2976,1536
patient_image_000301_f014d2ea.jpg,val,2,39,1,22.457,3.975,0,0,0,14,2796,1316
patient_image_000221_e7d95fd5.jpg,val,2,32,1,24.254,21.632,0,0,0,14,2796,1316
patient_image_000576_0fbbd20d.jpg,val,2,26,0,20.1,24.854,0,0,0,14,2797,1316
patient_image_000495_e3410abd.jpg,val,2,74,1,46.781,38.884,18,0,0,2,2976,1536
patient_image_000160_6683539a.jpg,val,2,28,1,23.568,27.365,0,0,0,14,2797,1316
patient_image_000217_60a9142d.jpg,val,2,32,1,26.963,35.129,4,0,0,11,2976,1536
patient_image_000137_4a92164f.jpg,val,2,27,1,18.198,14.867,0,0,0,14,2796,1316
patient_image_000498_e5c9b07d.jpg,val,2,74,1,33.357,36.563,5,0,0,9,2976,1536
patient_image_000842_f001cd9e.jpg,val,2,45,0,44.9,27.895,1,0,0,13,2795,1316
patient_image_000623_f3ab1371.jpg,val,2,29,0,28.9,13.897,0,0,0,14,2795,1316
patient_image_000822_a875a6d8.jpg,val,2,43,0,15.3,16.607,2,0,0,13,2795,1316
patient_image_000795_b452d6f6.jpg,val,2,42,0,39.6,31.289,2,0,0,12,2796,1316
patient_image_000834_a35b19b1.jpg,val,2,44,0,22.2,24.167,1,0,0,13,2795,1316
patient_image_001000_8e54f250.jpg,val,2,73,0,56.6,42.038,3,0,0,11,2796,1316
patient_image_000805_a6285cd0.jpg,val,2,42,0,20.9,30.508,0,0,0,14,2786,1316
patient_image_000234_b8b952f4.jpg,val,2,33,1,25.513,21.829,0,0,0,14,2796,1316
patient_image_000008_fdfc183f.jpg,val,2,20,1,18.348,33.286,1,0,1,12,2796,1316
patient_image_000312_c2c8c3dc.jpg,val,2,40,1,22.752,33.533,0,0,0,14,2976,1536
patient_image_000377_32ca1cbf.jpg,val,2,51,1,49.55,36.46,0,0,0,14,2795,1316
patient_image_000626_297e8e85.jpg,val,2,29,0,26.306,8.169,0,0,0,14,2796,1316
patient_image_000864_341d6da3.jpg,val,2,47,0,38.5,32.817,0,0,0,14,2795,1316
patient_image_000045_0bb8bfd1.jpg,val,2,22,1,19.305,5.221,0,0,0,14,2795,1316
patient_image_000168_476709d0.jpg,val,2,29,1,20.0,31.743,0,0,0,14,2976,1536
patient_image_000678_6c9e5415.jpg,val,2,33,0,27.4,26.889,0,0,0,14,2796,1316
patient_image_000826_d4f2e623.jpg,val,2,43,0,41.804,38.445,0,0,0,14,2795,1316
patient_image_000126_476f739a.jpg,val,2,27,1,22.781,10.183,0,0,0,14,2976,1536
patient_image_000553_f8c87a59.jpg,val,2,25,0,13.2,12.819,4,0,1,9,2796,1316
patient_image_000459_c4fed7f8.jpg,val,2,67,1,44.587,42.634,0,0,0,14,2795,1316
patient_image_000216_cc3ec1c0.jpg,val,2,32,1,19.529,4.328,0,0,0,14,2976,1536
patient_image_000867_8b9e11bb.jpg,val,2,48,0,34.3,32.437,0,0,0,14,2786,1316
patient_image_000752_c1b45b8a.jpg,val,2,38,0,30.7,35.28,0,0,1,13,2785,1316
patient_image_000873_d1d7765c.jpg,val,2,48,0,29.7,35.434,2,1,0,12,2787,1316
patient_image_000765_7af1e16c.jpg,val,2,39,0,30.1,37.99,0,0,0,14,2795,1316
patient_image_000751_2ec70b07.jpg,val,2,38,0,18.1,18.998,0,0,0,14,2795,1316
patient_image_000094_7b1f8dd3.jpg,val,2,25,1,22.565,8.431,0,0,0,14,2976,1536
patient_image_000407_5adfb2c1.jpg,val,2,56,1,36.609,42.967,3,0,3,10,2795,1316
patient_image_000773_638b0558.jpg,val,2,40,0,20.5,26.015,0,0,0,14,2795,1316
patient_image_000310_8f919521.jpg,val,2,40,1,33.824,10.464,0,0,0,14,2786,1316
patient_image_000317_4794d92a.jpg,val,2,41,1,26.041,29.151,0,0,0,14,2795,1316
patient_image_000422_d787e943.jpg,val,2,59,1,32.768,35.628,6,3,0,10,2796,1316
patient_image_000084_e135816e.jpg,val,2,25,1,13.83,12.387,0,0,0,14,2976,1536
patient_image_000972_36b41d7a.jpg,val,2,67,0,26.4,35.998,4,4,0,13,2795,1316
patient_image_000897_546c2ab0.jpg,val,2,52,0,37.605,36.503,0,0,0,14,2795,1316
patient_image_000704_8811aa89.jpg,val,2,35,0,31.1,22.557,0,0,0,14,2795,1316
patient_image_000493_099f245f.jpg,val,2,73,1,32.807,42.349,19,0,0,2,2796,1316
patient_image_000933_d33b6121.jpg,val,2,60,0,25.0,35.16,1,1,0,14,2786,1316
patient_image_000831_da537e9a.jpg,val,2,44,0,17.5,22.203,0,0,0,14,2796,1316
patient_image_000417_1167174f.jpg,val,2,57,1,40.725,35.437,0,0,3,12,2976,1536
patient_image_000817_09e72457.jpg,val,2,43,0,23.1,35.722,0,0,0,14,2795,1316
patient_image_000448_fe6c87b3.jpg,val,2,64,1,27.397,42.863,7,0,0,9,2795,1316
patient_image_000850_4194fb35.jpg,val,2,46,0,29.9,27.905,1,0,0,13,2795,1316
patient_image_000939_16426d51.jpg,val,2,60,0,59.838,42.963,0,0,1,13,2787,1316
patient_image_000860_8e2c267e.jpg,test,2,47,0,31.0,40.221,3,0,0,11,2795,1316
patient_image_000270_b8e4c66b.jpg,test,2,36,1,23.684,26.685,1,1,0,13,2976,1536
patient_image_000107_3ad8506d.jpg,test,2,26,1,20.0,21.281,1,0,0,13,2775,1480
patient_image_000394_17e14aac.jpg,test,2,54,1,34.646,26.484,1,0,0,14,2790,1316
patient_image_000199_9a8179b4.jpg,test,2,31,1,28.404,38.984,0,0,0,14,2795,1316
patient_image_000091_402cb864.jpg,test,2,25,1,14.701,18.384,0,0,0,14,2795,1316
patient_image_000874_5284b7ef.jpg,test,2,48,0,17.089,8.316,0,0,0,14,2796,1316
patient_image_000598_38fac96c.jpg,test,2,27,0,10.5,21.915,0,0,0,14,2795,1316
patient_image_000720_50c76c73.jpg,test,2,36,0,24.2,27.761,0,0,0,14,2796,1316
patient_image_000378_603f4d5f.jpg,test,2,51,1,50.837,42.83,6,4,0,13,2976,1536
patient_image_000928_729777d4.jpg,test,2,57,0,39.5,39.213,0,0,0,14,2796,1316
patient_image_000652_d9996c5f.jpg,test,2,31,0,30.2,21.161,0,0,0,14,2795,1316
patient_image_001005_8a2d932c.jpg,test,2,74,0,67.8,42.954,8,0,0,9,2786,1316
patient_image_000367_348bf0ed.jpg,test,2,48,1,37.5,40.915,0,0,0,14,2794,1316
patient_image_000078_888484a1.jpg,test,2,25,1,24.807,33.332,1,0,0,13,2976,1536
patient_image_000376_85573db8.jpg,test,2,51,1,27.25,34.692,0,0,0,14,2795,1316
patient_image_000807_f91c023c.jpg,test,2,42,0,35.2,42.907,1,0,0,14,2795,1316
patient_image_000474_d4b38b87.jpg,test,2,70,1,40.116,40.283,18,0,0,0,2976,1536
patient_image_000611_cda27acf.jpg,test,2,28,0,22.0,18.499,0,0,0,14,2795,1316
patient_image_000808_fe172a13.jpg,test,2,42,0,23.701,21.616,0,0,0,14,2795,1316
patient_image_000664_63d67e36.jpg,test,2,32,0,21.5,28.153,0,0,0,14,2794,1316
patient_image_000352_2cb283b7.jpg,test,2,46,1,22.37,11.915,0,0,0,14,2794,1316
patient_image_000395_428e3307.jpg,test,2,54,1,45.455,30.658,0,0,0,14,2795,1316
patient_image_000560_adc72499.jpg,test,2,25,0,16.1,0.0,0,0,0,14,2796,1316
patient_image_000240_a69cb320.jpg,test,2,34,1,27.782,37.317,0,0,0,14,2775,1480
patient_image_000252_d3ec3446.jpg,test,2,35,1,26.23,26.23,0,0,0,14,2786,1316
patient_image_000196_8989b7dd.jpg,test,2,31,1,21.28,21.554,0,0,0,14,2787,1316
patient_image_000322_c0e78be1.jpg,test,2,42,1,36.429,35.592,2,0,0,14,2795,1316
patient_image_000648_fc0e7a10.jpg,test,2,31,0,19.368,20.775,0,0,0,14,2795,1316
patient_image_000218_9c50babc.jpg,test,2,32,1,25.312,15.984,0,0,0,14,2795,1316
patient_image_000488_48c416a4.jpg,test,2,72,1,43.655,41.301,8,0,1,8,2795,1316
patient_image_000004_ba49da4c.jpg,test,2,19,1,18.289,13.706,0,0,0,14,2976,1536
patient_image_000125_179d73b8.jpg,test,2,27,1,12.792,9.43,0,0,0,14,2976,1536
patient_image_000583_dfceb69f.jpg,test,2,26,0,22.9,23.531,0,0,0,14,2795,1316
patient_image_000911_3bd02bd3.jpg,test,2,54,0,27.5,31.891,2,0,3,9,2796,1316
patient_image_000768_94ae0e55.jpg,test,2,39,0,38.0,27.236,0,0,0,14,2786,1316
patient_image_000951_4cd21fcb.jpg,test,2,62,0,61.7,42.649,3,2,0,13,2795,1316
patient_image_000518_5e5e9237.jpg,test,2,21,0,13.25,8.726,0,0,0,14,2786,1316
patient_image_000274_7e795166.jpg,test,2,37,1,23.415,24.683,0,0,0,14,2786,1316
patient_image_000992_57c05974.jpg,test,2,70,0,41.906,38.988,3,1,0,13,2795,1316
patient_image_000478_59734b1a.jpg,test,2,71,1,56.098,30.109,1,0,0,14,2791,1316
patient_image_000653_6030e552.jpg,test,2,31,0,18.9,18.78,0,0,0,14,2795,1316
patient_image_000870_642f835a.jpg,test,2,48,0,27.8,26.376,0,0,0,14,2795,1316
patient_image_000413_d10de40a.jpg,test,2,57,1,46.347,42.674,6,3,0,10,2976,1536
patient_image_000279_ba5256ba.jpg,test,2,37,1,17.426,6.29,0,0,0,14,2795,1316
patient_image_000471_92a5e5d6.jpg,test,2,69,1,24.572,38.412,5,0,0,14,2795,1316
patient_image_000130_ac295d3a.jpg,test,2,27,1,19.895,19.013,0,0,0,14,2976,1536
patient_image_000606_99298aed.jpg,test,2,28,0,13.4,23.786,0,0,1,13,2787,1316
patient_image_000193_846072ee.jpg,test,2,31,1,27.726,35.72,0,0,0,14,2795,1316
patient_image_000835_5a9a8c42.jpg,test,2,45,0,24.7,22.092,0,0,0,14,2795,1316
patient_image_000066_d46c9785.jpg,test,2,24,1,17.391,22.508,0,0,0,14,2795,1316
patient_image_000308_7b1e9629.jpg,test,2,40,1,32.571,23.632,0,0,0,14,2976,1536
patient_image_000978_b7639c55.jpg,test,2,67,0,64.1,42.759,16,0,0,1,2796,1316
patient_image_000724_7100cffe.jpg,test,2,36,0,26.3,18.244,0,0,0,14,2795,1316
patient_image_000668_603e4b18.jpg,test,2,32,0,31.8,35.917,3,1,0,12,2787,1316
patient_image_000525_b84f8771.jpg,test,2,22,0,10.968,0.826,0,0,0,14,2795,1316
patient_image_000931_01bf68c2.jpg,test,2,59,0,26.5,34.747,0,0,0,14,2784,1316
patient_image_000762_98c37c92.jpg,test,2,38,0,34.239,13.819,0,0,0,14,2795,1316
patient_image_000854_3a1d5798.jpg,test,2,47,0,29.7,32.056,0,0,0,14,2795,1316
patient_image_000067_0aab16a7.jpg,test,2,24,1,19.876,1.618,0,0,0,14,2796,1316
patient_image_000334_aff5a788.jpg,test,2,43,1,25.027,25.458,0,0,0,14,2786,1316
patient_image_000815_f279cd7d.jpg,test,2,43,0,16.8,15.37,1,1,0,13,2796,1316
patient_image_000250_3155741c.jpg,test,2,35,1,23.848,30.49,1,0,0,13,2786,1316
patient_image_000426_0fc4fb73.jpg,test,2,59,1,54.279,36.028,3,0,2,11,2795,1316
patient_image_000634_6aa38a90.jpg,test,2,30,0,24.7,24.601,0,0,0,14,2795,1316
patient_image_000316_e5edcd41.jpg,test,2,41,1,25.744,0.0,0,0,0,14,2786,1316
patient_image_000313_3503b411.jpg,test,2,40,1,24.204,34.858,4,0,0,12,2976,1536
patient_image_000159_59b14016.jpg,test,2,28,1,23.889,33.795,0,0,0,14,2775,1480
patient_image_000371_e6ac24e9.jpg,test,2,48,1,30.606,25.954,2,2,0,13,2976,1536
patient_image_000324_5a573d29.jpg,test,2,42,1,25.077,11.472,0,0,0,14,2795,1316
patient_image_000853_4a999514.jpg,test,2,47,0,32.9,28.657,2,0,0,12,2795,1316
patient_image_000670_22bd318a.jpg,test,2,32,0,25.5,9.614,0,0,0,14,2786,1316
patient_image_000443_0a8e215c.jpg,test,2,62,1,28.571,39.628,3,1,0,12,2796,1316
patient_image_000366_bd7a0db4.jpg,test,2,48,1,34.615,38.04,0,0,0,14,2976,1536
patient_image_000729_fe499a1a.jpg,test,2,36,0,20.6,24.804,0,0,0,14,2795,1316
patient_image_000223_4ebeaf32.jpg,test,2,33,1,32.713,24.137,4,0,0,12,2786,1316
patient_image_000124_33072be7.jpg,test,2,27,1,22.25,26.979,1,1,0,13,2976,1536
patient_image_000849_25f88a65.jpg,test,2,46,0,33.1,38.197,0,0,0,14,2796,1316
patient_image_000917_b23de782.jpg,test,2,56,0,43.246,42.912,5,0,0,9,2786,1316
patient_image_000162_e8668d74.jpg,test,2,28,1,14.131,12.552,0,0,0,14,2786,1316
patient_image_000341_47f0ea2d.jpg,test,2,45,1,26.988,25.281,0,2,0,14,2796,1316
patient_image_000806_a933040b.jpg,test,2,42,0,32.675,42.76,1,0,0,13,2796,1316
patient_image_000649_5669f77d.jpg,test,2,31,0,30.1,37.187,0,0,3,11,2795,1316
patient_image_000492_bee4fa3c.jpg,test,2,73,1,46.439,42.906,12,0,0,6,2786,1316
patient_image_000963_ab22a961.jpg,val,3,65,0,65.3,42.657,16,7,3,11,2794,1316
patient_image_000201_68fcfc13.jpg,val,3,31,1,35.433,38.88,0,0,0,14,2976,1536
patient_image_000003_2b2e7506.jpg,val,3,19,1,27.083,16.431,0,0,0,14,2796,1316
patient_image_000882_b7d0c270.jpg,val,3,50,0,63.6,42.952,2,0,0,12,2787,1316
patient_image_000732_4e661c5a.jpg,val,3,37,0,78.7,42.909,2,0,0,12,2786,1316
patient_image_000905_aa2ae462.jpg,val,3,53,0,82.3,42.795,2,0,1,11,2796,1316
patient_image_000811_f5895c67.jpg,val,3,42,0,63.0,42.434,1,1,0,14,2794,1316
patient_image_000002_4bb31c71.jpg,val,3,18,1,22.368,0.0,4,0,0,12,2786,1316
patient_image_000929_b456167d.jpg,val,3,57,0,75.7,41.432,4,0,0,12,2786,1316
patient_image_000934_34fc5702.jpg,val,3,60,0,64.5,42.871,1,0,3,10,2783,1316
patient_image_000549_9432a4fa.jpg,val,3,24,0,33.9,28.926,0,0,0,14,2796,1316
patient_image_000082_1573cc84.jpg,val,3,25,1,26.316,25.053,0,0,0,14,2775,1480
patient_image_000953_280dea9c.jpg,val,3,62,0,65.3,42.579,0,0,0,16,2788,1316
patient_image_000956_44fc0f54.jpg,val,3,63,0,100.0,42.584,9,0,6,4,2796,1316
patient_image_000497_5ef9d338.jpg,val,3,74,1,74.166,42.798,15,0,1,6,2795,1316
patient_image_000961_8e8fba7e.jpg,val,3,64,0,65.6,42.617,5,0,0,9,2795,1316
patient_image_000968_4abfef05.jpg,val,3,66,0,73.7,42.951,6,0,0,10,2795,1316
patient_image_000619_6ea1b33e.jpg,val,3,29,0,65.3,41.8,1,0,0,13,2786,1316
patient_image_000307_9c424853.jpg,val,3,40,1,46.701,38.577,1,0,0,13,2976,1536
patient_image_000467_3d336f5b.jpg,val,3,69,1,73.684,42.454,6,0,0,10,2976,1536
patient_image_000971_2549da02.jpg,val,3,66,0,67.6,42.498,1,0,4,11,2786,1316
patient_image_000146_23d86546.jpg,val,3,28,1,41.667,27.26,1,0,0,13,2791,1316
patient_image_000437_756effbb.jpg,val,3,61,1,78.093,42.196,19,0,0,0,2796,1316
patient_image_000981_4b6907de.jpg,val,3,68,0,71.2,42.686,7,2,0,11,2795,1316
patient_image_000885_948ef462.jpg,val,3,50,0,55.3,42.857,5,0,0,11,2781,1316
patient_image_000925_a86ca7cd.jpg,val,3,57,0,80.2,42.383,0,0,0,14,2796,1316
patient_image_000389_14d151f2.jpg,val,3,53,1,62.018,42.65,8,6,0,13,2775,1480
patient_image_000453_b3b406ed.jpg,val,3,65,1,79.401,42.877,7,0,1,8,2795,1316
patient_image_000991_f7b251fe.jpg,val,3,70,0,76.6,41.134,14,0,0,7,2795,1316
patient_image_000923_06d8f7f4.jpg,val,3,57,0,73.5,41.642,5,2,0,9,2786,1316
patient_image_000138_41b8c01e.jpg,val,3,27,1,38.88,18.401,2,0,0,12,2976,1536
patient_image_000804_e1a775f6.jpg,val,3,42,0,50.6,41.485,3,1,0,12,2771,1316
patient_image_000722_09368cb5.jpg,val,3,36,0,69.2,42.681,0,0,2,12,2786,1316
patient_image_000656_2ab2ef4e.jpg,val,3,31,0,38.3,40.671,0,0,0,14,2787,1316
patient_image_000104_412f98d8.jpg,val,3,26,1,33.68,34.796,0,0,0,14,2786,1316
patient_image_000262_1c2d0dfb.jpg,val,3,35,1,52.046,42.91,0,0,0,14,2796,1316
patient_image_000101_b9058bd6.jpg,val,3,26,1,47.148,37.806,0,0,1,13,2976,1536
patient_image_000899_4252589f.jpg,val,3,53,0,88.3,42.92,0,0,0,14,2795,1316
patient_image_000163_a7b2d449.jpg,val,3,29,1,35.484,28.241,0,0,0,14,2775,1480
patient_image_000088_515f171a.jpg,test,3,25,1,32.812,25.74,1,0,0,13,2796,1316
patient_image_000509_04857e03.jpg,test,3,19,0,20.193,5.755,0,0,0,14,2795,1316
patient_image_000271_90118e15.jpg,test,3,36,1,36.215,36.978,0,0,0,14,2795,1316
patient_image_000351_eea127ac.jpg,test,3,46,1,86.299,42.781,2,0,0,12,2775,1480
patient_image_000189_2b1f297a.jpg,test,3,30,1,43.182,37.433,3,0,1,12,2795,1316
patient_image_000439_edffeaa6.jpg,test,3,61,1,67.48,42.785,2,0,0,12,2976,1536
patient_image_000295_b2f59efb.jpg,test,3,39,1,55.652,42.805,0,0,0,14,2786,1316
patient_image_000858_f3bfe969.jpg,test,3,47,0,69.7,32.869,0,2,0,13,2786,1316
patient_image_000975_01461997.jpg,test,3,67,0,89.2,42.881,1,0,0,13,2791,1316
patient_image_000007_833861b5.jpg,test,3,19,1,21.795,7.722,0,0,0,14,2775,1480
patient_image_000403_282b7e3d.jpg,test,3,55,1,63.636,41.584,0,0,1,13,2796,1316
patient_image_000356_02609c16.jpg,test,3,47,1,67.164,33.126,1,0,0,14,2786,1316
patient_image_000063_d9146af9.jpg,test,3,23,1,24.891,13.714,0,0,0,14,2976,1536
patient_image_000625_0adf8250.jpg,test,3,29,0,30.632,36.374,1,0,0,13,2795,1316
patient_image_000962_e08a6c00.jpg,test,3,64,0,81.5,42.018,15,0,2,0,2794,1316
patient_image_000348_a440ef40.jpg,test,3,46,1,48.546,42.692,0,0,0,14,2795,1316
patient_image_000745_d898a6cb.jpg,test,3,38,0,43.4,30.261,2,0,0,12,2796,1316
patient_image_000440_10521983.jpg,test,3,61,1,73.67,42.897,3,0,0,11,2785,1316
patient_image_000241_14c1c28a.jpg,test,3,34,1,34.545,40.221,4,0,0,12,2786,1316
patient_image_000081_4a2a97ba.jpg,test,3,25,1,40.341,22.396,0,0,0,14,2796,1316
patient_image_000329_d32c41f2.jpg,test,3,43,1,76.642,42.394,0,0,0,14,2976,1536
patient_image_000750_1ba51eb5.jpg,test,3,38,0,50.1,32.241,3,0,0,11,2785,1316
patient_image_000979_83788988.jpg,test,3,67,0,100.0,42.109,6,0,1,8,2794,1316
patient_image_000435_86430e90.jpg,test,3,60,1,62.5,42.555,2,0,0,12,2786,1316
patient_image_000706_1e9b97f2.jpg,test,3,35,0,52.3,37.058,0,0,0,14,2785,1316
patient_image_000131_5174739a.jpg,test,3,27,1,33.684,4.554,0,0,0,14,2795,1316
patient_image_000959_5b25236e.jpg,test,3,63,0,74.428,41.027,9,7,0,7,2795,1316
patient_image_000868_0dc83ef9.jpg,test,3,48,0,100.0,42.918,2,0,0,12,2795,1316
patient_image_000423_e4c6ad66.jpg,test,3,59,1,59.649,42.715,1,0,1,12,2795,1316
patient_image_000654_d7798fef.jpg,test,3,31,0,52.3,41.804,0,0,0,14,2795,1316
patient_image_000275_0950d787.jpg,test,3,37,1,49.02,38.836,1,1,0,13,2787,1316
patient_image_000429_84fc8ed9.jpg,test,3,60,1,86.827,42.911,2,0,1,11,2796,1316
patient_image_000115_42f04a2c.jpg,test,3,26,1,48.603,26.316,4,0,0,10,2795,1316
patient_image_000074_0c02a5f3.jpg,test,3,24,1,24.994,28.095,0,0,0,14,2775,1480
patient_image_000813_ad646fe1.jpg,test,3,43,0,100.0,20.8,0,0,0,14,2796,1316
patient_image_000077_b5ed5649.jpg,test,3,25,1,42.663,34.481,0,0,0,14,2795,1316
patient_image_000892_e5a9e87b.jpg,test,3,51,0,87.354,42.687,19,0,1,1,2795,1316
patient_image_000053_78f8d04f.jpg,test,3,23,1,25.513,16.066,0,0,0,14,2795,1316
patient_image_000255_0b31e8f3.jpg,test,3,35,1,37.5,32.804,0,0,0,14,2796,1316
