film,teeth_gt,tp,fn,right_number,image_w,image_h
test_0,5,5,0,5,2829,1316
test_1,10,9,1,9,2872,1504
test_10,3,3,0,3,2940,1316
test_100,2,2,0,2,2935,1316
test_101,10,8,2,6,2915,1316
test_102,4,4,0,4,2872,1504
test_103,8,8,0,8,2872,1504
test_104,5,5,0,5,2868,1504
test_105,7,4,3,4,2884,1504
test_106,4,4,0,4,2970,1316
test_107,6,6,0,6,2771,1316
test_108,14,12,2,12,2843,1316
test_109,7,7,0,7,3000,1316
test_11,7,7,0,7,2902,1316
test_110,20,17,3,16,2955,1316
test_111,8,8,0,8,2812,1316
test_112,8,6,2,6,2944,1316
test_113,3,3,0,3,2864,1316
test_114,14,14,0,14,2872,1504
test_115,3,3,0,3,2893,1316
test_116,4,4,0,4,2875,1316
test_117,7,7,0,7,2916,1316
test_118,6,4,2,4,2866,1316
test_119,3,3,0,3,2776,1316
test_12,2,2,0,2,2721,1316
test_120,8,8,0,8,2872,1504
test_121,4,3,1,3,2945,1316
test_122,7,6,1,6,2872,1504
test_123,2,2,0,2,2872,1504
test_124,16,15,1,15,2872,1504
test_125,20,20,0,20,1976,976
test_126,2,2,0,2,2884,1504
test_127,1,1,0,1,2969,1316
test_128,3,3,0,3,2891,1316
test_129,4,4,0,4,2957,1316
test_13,1,1,0,1,2844,1316
test_130,8,8,0,8,2956,1316
test_131,8,8,0,8,2798,1316
test_132,1,1,0,1,1976,976
test_133,11,11,0,11,2809,1316
test_134,2,2,0,0,2878,1316
test_135,10,10,0,10,2872,1504
test_136,2,2,0,2,2872,1504
test_137,3,3,0,3,2865,1316
test_138,7,7,0,7,2799,1316
test_139,6,5,1,5,2902,1316
test_14,1,1,0,1,2935,1316
test_140,11,10,1,9,2872,1504
test_141,5,5,0,5,2903,1316
test_142,6,6,0,6,2918,1316
test_143,6,5,1,5,2872,1504
test_144,5,5,0,5,2847,1316
test_145,9,7,2,7,2752,1316
test_146,2,2,0,2,2878,1316
test_147,15,14,1,13,2680,1504
test_148,10,10,0,10,2868,1504
test_149,7,6,1,6,2949,1316
test_15,4,4,0,4,2872,1504
test_150,1,1,0,0,2809,1316
test_151,7,6,1,6,2801,1316
test_152,13,13,0,13,2872,1504
test_153,13,11,2,10,2864,1316
test_154,2,2,0,1,2868,1504
test_155,3,3,0,3,2702,1316
test_156,8,8,0,8,2868,1504
test_157,6,6,0,5,2968,1316
test_158,8,8,0,8,2508,1504
test_159,6,6,0,6,2824,1316
test_16,13,13,0,13,2872,1504
test_160,10,9,1,9,2884,1504
test_161,13,13,0,12,2848,1316
test_162,4,4,0,4,2868,1504
test_163,3,3,0,3,2954,1316
test_164,5,5,0,5,2807,1316
test_165,5,4,1,4,2750,1316
test_166,8,8,0,6,2844,1316
test_167,8,8,0,8,2832,1316
test_168,5,5,0,5,2820,1316
test_169,1,1,0,1,2830,1316
test_17,5,5,0,5,2878,1316
test_170,2,2,0,2,2951,1316
test_171,6,5,1,5,2985,1316
test_172,11,10,1,10,2872,1504
test_173,6,5,1,5,2988,1316
test_174,4,4,0,4,2872,1504
test_175,6,6,0,6,2872,1504
test_176,4,4,0,4,2895,1316
test_177,4,4,0,4,3076,1536
test_178,3,3,0,3,3076,1536
test_179,4,3,1,3,2868,1504
test_18,8,8,0,8,1976,976
test_180,9,9,0,9,2868,1504
test_181,10,7,3,7,2983,1316
test_182,9,8,1,7,2636,1504
test_183,2,2,0,2,2834,1316
test_184,2,2,0,2,2805,1316
test_185,9,9,0,9,2862,1316
test_186,7,7,0,7,2872,1504
test_187,3,3,0,3,2923,1316
test_188,8,4,4,4,2868,1504
test_189,2,2,0,2,2954,1316
test_19,6,6,0,6,2867,1316
test_190,1,1,0,1,2840,1316
test_191,5,4,1,4,2836,1316
test_192,1,1,0,1,2888,1504
test_193,6,6,0,6,2868,1504
test_194,2,2,0,0,2941,1316
test_195,6,6,0,6,2872,1504
test_196,4,4,0,4,2874,1316
test_197,5,5,0,5,3076,1536
test_198,6,4,2,2,2880,1504
test_199,8,6,2,5,2832,1316
test_2,8,8,0,8,2931,1316
test_20,6,5,1,5,2904,1316
test_200,3,3,0,3,2870,1316
test_201,9,7,2,7,2872,1504
test_202,1,1,0,1,2736,1316
test_203,2,2,0,2,2808,1316
test_204,9,8,1,8,2762,1316
test_205,4,4,0,4,2950,1316
test_206,1,1,0,0,2812,1316
test_207,3,3,0,2,2966,1316
test_208,1,1,0,1,2892,1316
test_209,3,3,0,3,2952,1316
test_21,5,4,1,4,1976,976
test_210,7,7,0,7,2932,1316
test_211,18,17,1,17,3076,1536
test_212,7,7,0,7,2967,1316
test_213,4,4,0,4,2827,1316
test_214,4,4,0,4,2874,1316
test_215,9,8,1,8,2896,1316
test_216,1,1,0,1,2868,1504
test_217,9,9,0,9,3076,1536
test_218,1,1,0,1,2950,1316
test_219,7,7,0,7,2872,1504
test_22,4,4,0,4,2664,1316
test_220,10,8,2,8,2892,1504
test_221,31,26,5,22,2926,1316
test_222,3,3,0,3,2836,1316
test_223,8,8,0,7,2872,1504
test_224,4,4,0,4,2884,1504
test_225,31,31,0,31,2846,1316
test_226,6,5,1,5,2492,1504
test_227,2,1,1,1,2856,1316
test_228,12,10,2,9,2876,1504
test_229,1,1,0,1,2851,1316
test_23,1,1,0,1,2836,1316
test_230,4,4,0,4,2544,1504
test_231,3,3,0,2,2892,1316
test_232,7,6,1,6,2896,1316
test_233,8,8,0,8,2868,1504
test_234,5,4,1,4,2832,1316
test_235,3,3,0,3,2872,1504
test_236,4,4,0,4,2872,1504
test_237,1,1,0,1,2887,1316
test_238,3,3,0,3,2880,1316
test_239,5,4,1,4,2872,1504
test_24,4,4,0,4,2891,1316
test_240,7,7,0,6,2516,1504
test_241,2,2,0,2,2916,1316
test_242,2,2,0,2,2872,1504
test_243,7,6,1,6,2886,1316
test_244,5,5,0,5,2948,1316
test_245,9,9,0,9,2836,1316
test_246,7,6,1,6,2872,1504
test_247,13,13,0,12,2872,1504
test_248,7,7,0,7,2856,1316
test_249,3,3,0,3,2708,1316
test_25,5,5,0,4,2877,1316
test_26,6,6,0,6,2872,1504
test_27,8,8,0,8,3076,1536
test_28,5,5,0,5,2807,1316
test_29,7,7,0,7,2853,1316
test_3,5,5,0,5,2834,1316
test_30,12,11,1,11,2516,1504
test_31,22,19,3,13,2808,1316
test_32,7,6,1,6,2792,1316
test_33,2,0,2,0,2963,1316
test_34,8,8,0,8,2787,1316
test_35,5,5,0,5,2872,1504
test_36,10,10,0,10,1976,976
test_37,16,15,1,15,2878,1316
test_38,6,6,0,6,2872,1504
test_39,11,6,5,5,2948,1316
test_4,5,5,0,5,2885,1316
test_40,5,5,0,5,2727,1316
test_41,3,3,0,3,2868,1504
test_42,11,11,0,11,2810,1316
test_43,3,3,0,3,2580,1504
test_44,3,3,0,3,2954,1316
test_45,11,11,0,11,2896,1316
test_46,8,8,0,8,2773,1316
test_47,2,2,0,2,2991,1316
test_48,4,4,0,4,3002,1316
test_49,6,5,1,5,2880,1316
test_5,12,12,0,12,2868,1504
test_50,6,6,0,6,2780,1316
test_51,2,2,0,2,2872,1504
test_52,7,7,0,7,2749,1316
test_53,9,8,1,7,2953,1316
test_54,1,1,0,1,2872,1504
test_55,13,8,5,8,2889,1316
test_56,6,5,1,5,2953,1316
test_57,7,7,0,7,2772,1316
test_58,2,2,0,2,2985,1316
test_59,3,3,0,2,2872,1504
test_6,4,3,1,3,2872,1504
test_60,7,6,1,6,2872,1504
test_61,8,8,0,8,2967,1316
test_62,7,7,0,7,2872,1504
test_63,3,3,0,3,2831,1316
test_64,1,1,0,1,2946,1316
test_65,8,8,0,8,2872,1504
test_66,3,3,0,3,2808,1316
test_67,14,12,2,12,2911,1316
test_68,5,4,1,4,2654,1316
test_69,9,9,0,9,2872,1504
test_7,6,6,0,6,2798,1316
test_70,5,5,0,5,2901,1316
test_71,4,4,0,4,2812,1316
test_72,6,5,1,5,2927,1316
test_73,3,3,0,2,2904,1316
test_74,8,7,1,7,2859,1316
test_75,3,2,1,2,2648,1504
test_76,2,2,0,2,2872,1504
test_77,10,10,0,10,2958,1316
test_78,29,29,0,28,2842,1316
test_79,5,5,0,5,2873,1316
test_8,14,12,2,12,2872,1504
test_80,4,4,0,4,2921,1316
test_81,2,2,0,2,2854,1316
test_82,10,8,2,4,3001,1316
test_83,5,4,1,4,2936,1316
test_84,4,3,1,3,2868,1504
test_85,14,9,5,9,2828,1316
test_86,6,6,0,6,1976,976
test_87,14,13,1,13,2928,1316
test_88,2,2,0,1,2965,1316
test_89,7,7,0,5,2872,1504
test_9,5,5,0,5,2872,1504
test_90,7,3,4,0,2872,1504
test_91,8,7,1,7,2872,1316
test_92,13,12,1,10,2796,1316
test_93,4,4,0,4,2765,1316
test_94,4,4,0,4,2918,1316
test_95,3,3,0,3,2872,1504
test_96,4,4,0,4,2872,1504
test_97,13,13,0,11,2872,1504
test_98,2,2,0,2,2940,1316
test_99,4,4,0,4,2817,1316
